<?xml version="1.0" encoding="UTF-8"?>
<!--
  The MIT License
 
  Copyright (c) 2009 codehaus.org.
 
  Permission is hereby granted, free of charge, to any person obtaining a copy
  of this software and associated documentation files (the "Software"), to deal
  in the Software without restriction, including without limitation the rights
  to use, copy, modify, merge, publish, distribute, sublicense, and/or sell
  copies of the Software, and to permit persons to whom the Software is
  furnished to do so, subject to the following conditions:
 
  The above copyright notice and this permission notice shall be included in
  all copies or substantial portions of the Software.
 
  THE SOFTWARE IS PROVIDED "AS IS", WITHOUT WARRANTY OF ANY KIND, EXPRESS OR
  IMPLIED, INCLUDING BUT NOT LIMITED TO THE WARRANTIES OF MERCHANTABILITY,
  FITNESS FOR A PARTICULAR PURPOSE AND NONINFRINGEMENT. IN NO EVENT SHALL THE
  AUTHORS OR COPYRIGHT HOLDERS BE LIABLE FOR ANY CLAIM, DAMAGES OR OTHER
  LIABILITY, WHETHER IN AN ACTION OF CONTRACT, TORT OR OTHERWISE, ARISING FROM,
  OUT OF OR IN CONNECTION WITH THE SOFTWARE OR THE USE OR OTHER DEALINGS IN
  THE SOFTWARE. 
-->
<project>
  <body>
    <menu ref="parent"/>
    <menu name="Overview">
      <item name="Introduction" href="index.html"/>
      <item name="Usage" href="usage.html"/>
    </menu>
    <menu name="Examples">
      <item name="Checking a project against API signatures" href="examples/checking-signatures.html"/>
    </menu>
    <menu ref="reports"/>
  </body>
</project>
